product_handle	variant_title	sku	price_usd	price_usd_cents	acquisition_price_usd	acquisition_price_cents	manage_inventory	allow_backorder	option_1_name	option_1_value	option_2_name	option_2_value	option_3_name	option_3_value	weight	length	width	height	metadata_json
cbd-tincture-fso	500mg	TNC-FS-CBD-500	22.00	2200	10.50	1050	FALSE	TRUE	Strength (mg)	500					85.05	4	4	6	{"variant_description":"Total Hemp offers Proleve's 500mg Full Spectrum CBD Tincture to help show symptoms of anxiety and depression the door while summoning greater tranquility. Each 30 mL tincture bottle contains 500mg of the finest hemp-derived full spectrum CBD oil. The conveniently attached dropper makes it quick and easy to place a few drops under your tongue throughout the day. Every bottle contains two simple ingredients; premium CBD oil from hemp and MCT oil from coconuts. This Proleve tincture is proudly all natural, organic, non-GMO and gluten free, and contains the superior quality and purity that you can expect from Proleve.","variant_product_details":["Full Spectrum Oil from US grown hemp","Bottle contains 500mg full spectrum CBD","Third-party ISO lab tested","Vegan and gluten free","Our customers like this for: sleep promotion, anxiety reduction, alleviation of pain, and relief from depressive symptoms"],"variant_ingredients":"Premium CBD oil from hemp and MCT oil from coconuts"}
cbd-tincture-fso	1000mg	TNC-FS-CBD-1000	40.00	4000	21.00	2100	FALSE	TRUE	Strength (mg)	1000					85.05	4	4	6	{"variant_description":"Total Hemp offers Proleve's 1000mg Full Spectrum CBD Tincture to help banish stress and anxiety while inviting more peaceful sleep. Each 30 mL tincture bottle contains 1000mg of the finest hemp-derived full spectrum CBD oil. The conveniently attached dropper makes it quick and easy to place a few drops under your tongue throughout the day. Every bottle contains two simple ingredients; premium CBD oil from hemp and MCT oil from coconuts. This Proleve tincture is proudly all natural, organic, non-GMO and gluten free, and contains the superior quality and purity that you can expect from Proleve.","variant_product_details":["Full Spectrum Oil from US grown hemp","Bottle contains 1000mg full spectrum CBD","Third-party ISO lab tested","Vegan and gluten free","Our customers like this for: sleep promotion, anxiety reduction, alleviation of pain, and relief from depressive symptoms"],"variant_ingredients":"Premium CBD oil from hemp and MCT oil from coconuts"}
cbd-tincture-fso	2500mg	TNC-FS-CBD-2500	75.00	7500	45.00	4500	FALSE	TRUE	Strength (mg)	2500					85.05	4	4	6	{"variant_description":"Total Hemp offers Proleve's 2500mg Full Spectrum CBD Tincture to support more restful nights while dialing down discomfort and depression. Each 30 mL tincture bottle contains 2500mg of the finest hemp-derived full spectrum CBD oil. The conveniently attached dropper makes it quick and easy to place a few drops under your tongue throughout the day. Every bottle contains two simple ingredients; premium CBD oil from hemp and MCT oil from coconuts. This Proleve tincture is proudly all natural, organic, non-GMO and gluten free, and contains the superior quality and purity that you can expect from Proleve.","variant_product_details":["Full Spectrum Oil from US grown hemp","Bottle contains 2500mg full spectrum CBD","Third-party ISO lab tested","Vegan and gluten free","Our customers like this for: sleep promotion, anxiety reduction, alleviation of pain, and relief from depressive symptoms"],"variant_ingredients":"Premium CBD oil from hemp and MCT oil from coconuts"}
cbd-tincture-fso	5000mg	TNC-FS-CBD-5000	130.00	13000	78.00	7800	FALSE	TRUE	Strength (mg)	5000					85.05	4	4	6	{"variant_description":"Total Hemp offers Proleve's 5000mg Full Spectrum CBD Tincture to battle pain and anxiety while supporting more restful nights. Each 30 mL tincture bottle contains 5000mg of the finest hemp-derived full spectrum CBD oil. The conveniently attached dropper makes it quick and easy to place a few drops under your tongue throughout the day. Every bottle contains two simple ingredients; premium CBD oil from hemp and MCT oil from coconuts. This Proleve tincture is proudly all natural, organic, non-GMO and gluten free, and contains the superior quality and purity that you can expect from Proleve.","variant_product_details":["Full Spectrum Oil from US grown hemp","Bottle contains 5000mg full spectrum CBD","Third-party ISO lab tested","Vegan and gluten free","Our customers like this for: sleep promotion, anxiety reduction, alleviation of pain, and relief from depressive symptoms"],"variant_ingredients":"Premium CBD oil from hemp and MCT oil from coconuts"}
cbd-tincture-bso	500mg	TNC-BS-CBD-500	22.00	2200	10.50	1050	FALSE	TRUE	Strength (mg)	500					85.05	4	4	6	{"variant_description":"Total Hemp offers Proleve's 500mg Broad Spectrum CBD Tincture to help conquer anxiety and discomfort while supporting improved sleep. Each 30 mL tincture bottle contains 500mg of the finest hemp-derived broad spectrum CBD oil. The conveniently attached dropper makes it quick and easy to place a few drops under your tongue throughout the day. Every bottle contains two simple ingredients; premium CBD oil from hemp and MCT oil from coconuts. This Proleve tincture is proudly all natural, organic, non-GMO and gluten free, and contains the superior quality and purity that you can expect from Proleve.","variant_product_details":["Broad Spectrum Oil from US grown hemp","Bottle contains 500mg broad spectrum CBD","Third-party ISO lab tested","Vegan and gluten free","Our customers like this for: sleep promotion, anxiety reduction, alleviation of pain, and relief from depressive symptoms"],"variant_ingredients":"Premium CBD oil from hemp and MCT oil from coconuts"} 
cbd-tincture-bso	1000mg	TNC-BS-CBD-1000	40.00	4000	21.00	2100	FALSE	TRUE	Strength (mg)	1000					85.05	4	4	6	{"variant_description":"Total Hemp offers Proleve's 1000mg Broad Spectrum CBD Tincture to help combat stress, pain, and anxiety. Each 30 mL tincture bottle contains 1000mg of the finest hemp-derived broad spectrum CBD oil. The conveniently attached dropper makes it quick and easy to place a few drops under your tongue throughout the day. Every bottle contains two simple ingredients; premium CBD oil from hemp and MCT oil from coconuts. This Proleve tincture is proudly all natural, organic, non-GMO and gluten free, and contains the superior quality and purity that you can expect from Proleve.","variant_product_details":["Broad Spectrum Oil from US grown hemp","Bottle contains 1000mg broad spectrum CBD","Third-party ISO lab tested","Vegan and gluten free","Our customers like this for: sleep promotion, anxiety reduction, alleviation of pain, and relief from depressive symptoms"],"variant_ingredients":"Premium CBD oil from hemp and MCT oil from coconuts"} 
cbd-tincture-bso	2500mg	TNC-BS-CBD-2500	75.00	7500	45.00	4500	FALSE	TRUE	Strength (mg)	2500					85.05	4	4	6	{"variant_description":"Total Hemp offers Proleve's 2500mg Broad Spectrum CBD Tincture to help yield to increased relaxation while allowing anxiety and depressive spirits to take a hike. Each 30 mL tincture bottle contains 2500mg of the finest hemp-derived broad spectrum CBD oil. The conveniently attached dropper makes it quick and easy to place a few drops under your tongue throughout the day. Every bottle contains two simple ingredients; premium CBD oil from hemp and MCT oil from coconuts. This Proleve tincture is proudly all natural, organic, non-GMO and gluten free, and contains the superior quality and purity that you can expect from Proleve.","variant_product_details":["Broad Spectrum Oil from US grown hemp","Bottle contains 2500mg broad spectrum CBD","Third-party ISO lab tested","Vegan and gluten free","Our customers like this for: sleep promotion, anxiety reduction, alleviation of pain, and relief from depressive symptoms"],"variant_ingredients":"Premium CBD oil from hemp and MCT oil from coconuts"} 
cbd-tincture-bso	5000mg	TNC-BS-CBD-5000	130.00	13000	78.00	7800	FALSE	TRUE	Strength (mg)	5000					85.05	4	4	6	{"variant_description":"Total Hemp offers Proleve's 5000mg Broad Spectrum CBD Tincture to help summon peaceful nights while taking the sharp edges off pain and stress. Each 30 mL tincture bottle contains 5000mg of the finest hemp-derived broad spectrum CBD oil. The conveniently attached dropper makes it quick and easy to place a few drops under your tongue throughout the day. Every bottle contains two simple ingredients; premium CBD oil from hemp and MCT oil from coconuts. This Proleve tincture is proudly all natural, organic, non-GMO and gluten free, and contains the superior quality and purity that you can expect from Proleve.","variant_product_details":["Broad Spectrum Oil from US grown hemp","Bottle contains 5000mg broad spectrum CBD","Third-party ISO lab tested","Vegan and gluten free","Our customers like this for: sleep promotion, anxiety reduction, alleviation of pain, and relief from depressive symptoms"],"variant_ingredients":"Premium CBD oil from hemp and MCT oil from coconuts"} 
cbd-capsules-isolate	25mg • 30ct	CAP-ISO-CBD-25-30CT	20.00	2000	10.00	1000	FALSE	TRUE	Strength (mg)	25					48.00	4	4	6	{"variant_description":"Total Hemp offers Proleve's 25mg CBD Isolate Capsules to help say goodbye to discomfort and anxiety and hello to more relaxation. Each capsule contains 25mg of zero‑THC pure CBD powder. Designed for those who prefer an easy‑to‑swallow form of CBD, these capsules come in a convenient 30‑count bottle. Each capsule is all natural, organic, non‑GMO, vegan, and gluten free, with the superior quality and purity you expect from Proleve.","variant_product_details":["THC Free CBD from US grown hemp","Serving size: 1 capsule","30 Count Bottle","Third-party ISO lab tested","Vegan ingredients","Neutral taste","Our customers like this for: the reduction of pain, anxiety, and sleeplessness"],"variant_ingredients":"Organic Coconut Flour, Vegetarian Capsules-HPMC (Hydroxy Propyl Methyl Cellulose), Hemp CBD Isolate\nPackaged in the same facility as peanuts, tree nuts, wheat, soy, and milk products."} 
cbd-capsules-isolate	50mg • 30ct	CAP-ISO-CBD-50-30CT	22.00	2200	11.00	1100	FALSE	TRUE	Strength (mg)	50					48.00	4	4	6	{"variant_description":"Total Hemp offers Proleve's 50mg CBD Isolate Capsules for those looking to conquer stress and discomfort without the taste of a gummy or tincture. Each capsule contains 50mg of zero‑THC pure CBD isolate powder. Each 30‑count bottle contains all‑natural, organic, non‑GMO, vegan, and gluten‑free capsules with the superior quality and purity you expect from Proleve.","variant_product_details":["THC Free CBD from US grown hemp","Serving size: 1 capsule","30 Count Bottle","Third-party ISO lab tested","Vegan ingredients","Neutral taste","Our customers like this for: the reduction of pain, anxiety, and sleeplessness"],"variant_ingredients":"Organic Coconut Flour, Vegetarian Capsules-HPMC (Hydroxy Propyl Methyl Cellulose), Hemp CBD Isolate\nPackaged in the same facility as peanuts, tree nuts, wheat, soy, and milk products."}
cbd-gummies-broad-spectrum	25mg • 4ct	GUM-BS-CBD-25-4CT	10.00	1000	4.50	450	FALSE	TRUE	Dose (mg)	25	Count (ct)	4ct			85.04	4	4	6	{"variant_description":"Total Hemp offers Proleve's 25mg Broad Spectrum CBD Gummies to help banish stress and anxiety and push back against pain. Each gummy is infused with 25mg of the finest hemp-derived broad spectrum oil and comes in an assortment of great flavors. Not sure if CBD is all it's cracked up to be? This 4 count pack is the perfect way to give it a road test. These gummies are proudly all natural, organic, non-GMO, vegan, and contain the superior quality and purity you expect from Proleve.","variant_product_details":["25mg Broad Spectrum CBD per Gummy","Serving Size 1 Gummy","4 Count Pack","Third-party ISO lab tested","Vegan and infused","THC Free","Assorted Flavors","Our customers like this for: relaxation and helping with anxiety, stress and pain relief"],"variant_ingredients":"Organic Glucose Syrup (wheat), Organic Cane Sugar, Pectin, Citric Acid, Ascorbic Acid, Natural Flavors, Natural Colors (organic concentrated apple, organic carrot, organic pumpkin, organic black currant), Industrial Hemp."}
cbd-gummies-broad-spectrum	25mg • 30ct	GUM-BS-CBD-25-30CT	22.00	2200	12.00	1200	FALSE	TRUE	Dose (mg)	25	Count (ct)	30ct			186.00	4	4	6	{"variant_description":"Total Hemp offers Proleve's 25mg Broad Spectrum CBD Gummies to help show stress and anxiety the door while alleviating discomfort. Each gummy is infused with 25mg of the finest hemp-derived broad spectrum oil and comes in an assortment of great flavors. Available in a convenient 30 count bottle, these gummies are proudly all natural, organic, non-GMO, vegan, and contain the superior quality and purity you expect from Proleve.","variant_product_details":["25mg Broad Spectrum CBD per Gummy","Serving Size 1 Gummy","30 Count Pack","Third-party ISO lab tested","Vegan and infused","THC Free","Assorted Flavors","Our customers like this for: relaxation and helping with anxiety, stress and pain relief"],"variant_ingredients":"Organic Glucose Syrup (wheat), Organic Cane Sugar, Pectin, Citric Acid, Ascorbic Acid, Natural Flavors, Natural Colors (organic concentrated apple, organic carrot, organic pumpkin, organic black currant), Industrial Hemp."}
cbd-gummies-broad-spectrum	25mg • 100ct	GUM-BS-CBD-25-100CT	60.00	6000	35.00	3500	FALSE	TRUE	Dose (mg)	25	Count (ct)	100ct			570.00	4	4	6	{"variant_description":"Total Hemp offers Proleve's 25mg Broad Spectrum CBD Gummies to help take the edge off stress, dial down discomfort, and invite calm. Each gummy is infused with 25mg of the finest hemp-derived broad spectrum oil, and the 100 count pack allows you to prolong relief between stock ups. Offered in an assortment of great flavors, these gummies are proudly all natural, organic, non-GMO, vegan, and contain the superior quality and purity you expect from Proleve.","variant_product_details":["25mg Broad Spectrum CBD per Gummy","Serving Size 1 Gummy","100 Count Pack","Third-party ISO lab tested","Vegan and infused","THC Free","Assorted Flavors","Our customers like this for: relaxation and helping with anxiety, stress and pain relief"],"variant_ingredients":"Organic Glucose Syrup (wheat), Organic Cane Sugar, Pectin, Citric Acid, Ascorbic Acid, Natural Flavors, Natural Colors (organic concentrated apple, organic carrot, organic pumpkin, organic black currant), Industrial Hemp."}
cbd-gummies-broad-spectrum	50mg • 4ct	GUM-BS-CBD-50-4CT	16.00	1600	8.50	850	FALSE	TRUE	Dose (mg)	50	Count (ct)	4ct			85.04	4	4	6	{"variant_description":"Total Hemp offers Proleve's 50mg Broad Spectrum CBD Gummies to support stress and anxiety management while easing chronic pain. Each gummy is infused with 50mg of the finest hemp-derived broad spectrum oil and comes in an assortment of great flavors. Not sure if CBD is right for you? This 4 count pack is just the thing for a trial run. These gummies are proudly all natural, organic, non-GMO, vegan, and contain the superior quality and purity you expect from Proleve.","variant_product_details":["50mg Broad Spectrum CBD per Gummy","Serving Size 1 Gummy","4 Count Pack","Third-party ISO lab tested","Vegan and infused","THC Free","Assorted Flavors","Our customers like this for: relaxation and helping with anxiety, stress and pain relief"],"variant_ingredients":"Organic Glucose Syrup (wheat), Organic Cane Sugar, Pectin, Citric Acid, Ascorbic Acid, Natural Flavors, Natural Colors (organic concentrated apple, organic carrot, organic pumpkin, organic black currant), Industrial Hemp."}
cbd-gummies-broad-spectrum	50mg • 30ct	GUM-BS-CBD-50-30CT	35.00	3500	18.00	1800	FALSE	TRUE	Dose (mg)	50	Count (ct)	30ct			186.00	4	4	6	{"variant_description":"Total Hemp offers Proleve's 50mg Broad Spectrum CBD Gummies to help tamp down anxiety and stress while supporting relaxation. Each gummy is infused with 50mg of the finest hemp-derived broad spectrum oil, is available in an assortment of fruit flavors, and comes in a convenient 30 count bottle. These gummy cubes are proudly all natural, organic, non-GMO, vegan, and contain the superior quality and purity you expect from Proleve.","variant_product_details":["50mg Broad Spectrum CBD per Gummy","Serving Size 1 Gummy","30 Count Pack","Third-party ISO lab tested","Vegan and infused","THC Free","Assorted Flavors","Our customers like this for: relaxation and helping with anxiety, stress and pain relief"],"variant_ingredients":"Organic Glucose Syrup (wheat), Organic Cane Sugar, Pectin, Citric Acid, Ascorbic Acid, Natural Flavors, Natural Colors (organic concentrated apple, organic carrot, organic pumpkin, organic black currant), Industrial Hemp."}
cbd-gummies-broad-spectrum	50mg • 100ct	GUM-BS-CBD-50-100CT	100.00	10000	55.00	5500	FALSE	TRUE	Dose (mg)	50	Count (ct)	100ct			570.00	4	4	6	{"variant_description":"Total Hemp offers Proleve's 50mg Broad Spectrum CBD Gummies to help melt into relaxation and dull the sharp edges of pain. Each gummy is infused with 50mg of the finest hemp-derived broad spectrum oil and comes in an assortment of great flavors. The 100 count pack means you can extend the time between stock ups. These gummies are proudly all natural, organic, non-GMO, vegan, and contain the superior quality and purity you expect from Proleve.","variant_product_details":["50mg Broad Spectrum CBD per Gummy","Serving Size 1 Gummy","100 Count Pack","Third-party ISO lab tested","Vegan and infused","THC Free","Assorted Flavors","Our customers like this for: relaxation and helping with anxiety, stress and pain relief"],"variant_ingredients":"Organic Glucose Syrup (wheat), Organic Cane Sugar, Pectin, Citric Acid, Ascorbic Acid, Natural Flavors, Natural Colors (organic concentrated apple, organic carrot, organic pumpkin, organic black currant), Industrial Hemp."}
cbd-gummies-broad-spectrum-melatonin	25mg • 4ct	GUM-BS-CBD-25-4CT-MEL	10.00	1000	4.50	450	FALSE	TRUE	Dose (mg)	25	Count (ct)	4ct			85.04	4	4	6	{"variant_description":"From Proleve, this 25mg Broad Spectrum CBD PM Sleep Gummy combines 25mg of hemp-derived broad spectrum CBD with 2.5mg of melatonin to help you fall asleep and stay asleep. The 4-count pack is a simple trial size. Made with non-GMO, vegan ingredients and Proleve's quality, and available at Total Hemp.","variant_product_details":["25mg Broad Spectrum CBD per Gummy","2.5mg of Melatonin","Serving Size 1 Gummy","4 Count Bottle","Third-party ISO lab tested","Vegan and infused","THC Free","Assorted Flavors","A customer favorite for: Helping you to fall asleep and stay asleep"],"variant_ingredients":"Organic Glucose Syrup (wheat), Organic Cane Sugar, Pectin, Citric Acid, Ascorbic Acid, Natural Flavors, Natural Colors (organic concentrated apple, organic carrot, organic pumpkin, organic black currant), Industrial Hemp, Melatonin."}
cbd-gummies-broad-spectrum-melatonin	25mg • 30ct	GUM-BS-CBD-25-30CT-MEL	22.00	2200	12.00	1200	FALSE	TRUE	Dose (mg)	25	Count (ct)	30ct			186.00	4	4	6	{"variant_description":"Proleve's 25mg Broad Spectrum CBD PM Sleep Gummies are designed for nighttime use. Each gummy delivers 25mg of hemp-derived broad spectrum CBD plus 2.5mg of melatonin, and comes in a 30-count bottle of assorted flavors for easy bedtime dosing.","variant_product_details":["25mg Broad Spectrum CBD per Gummy","2.5mg of Melatonin","Serving Size 1 Gummy","30 Count Bottle","Third-party ISO lab tested","Vegan and infused","THC Free","Assorted Flavors","A customer favorite for: Helping you to fall asleep and stay asleep"],"variant_ingredients":"Organic Glucose Syrup (wheat), Organic Cane Sugar, Pectin, Citric Acid, Ascorbic Acid, Natural Flavors, Natural Colors (organic concentrated apple, organic carrot, organic pumpkin, organic black currant), Industrial Hemp, Melatonin."}
cbd-gummies-broad-spectrum-melatonin	25mg • 100ct	GUM-BS-CBD-25-100CT-MEL	65.00	6500	35.00	3500	FALSE	TRUE	Dose (mg)	25	Count (ct)	100ct			570.00	4	4	6	{"variant_description":"A Proleve favorite for nightly routines, this 25mg Broad Spectrum CBD PM Sleep Gummy pairs 25mg of broad spectrum CBD with 2.5mg of melatonin. The 100-count pack lets you enjoy weeks of restful nights between restocks.","variant_product_details":["25mg Broad Spectrum CBD per Gummy","2.5mg of Melatonin","Serving Size 1 Gummy","100 Count Bottle","Third-party ISO lab tested","Vegan and infused","THC Free","Assorted Flavors","A customer favorite for: Helping you to fall asleep and stay asleep"],"variant_ingredients":"Organic Glucose Syrup (wheat), Organic Cane Sugar, Pectin, Citric Acid, Ascorbic Acid, Natural Flavors, Natural Colors (organic concentrated apple, organic carrot, organic pumpkin, organic black currant), Industrial Hemp, Melatonin."}
cbd-gummies-broad-spectrum-melatonin	50mg • 4ct	GUM-BS-CBD-50-4CT-MEL	16.00	1600	8.50	850	FALSE	TRUE	Dose (mg)	50	Count (ct)	4ct			85.04	4	4	6	{"variant_description":"Looking for a stronger nighttime option? Proleve's 50mg Broad Spectrum CBD PM Sleep Gummies combine 50mg of CBD with 2.5mg of melatonin. The 4-count pack is a quick trial before moving up to a larger size.","variant_product_details":["50mg Broad Spectrum CBD per Gummy","2.5mg of Melatonin","Serving Size 1 Gummy","4 Count Bottle","Third-party ISO lab tested","Vegan and infused","THC Free","Assorted Flavors","A customer favorite for: Helping you to fall asleep and stay asleep"],"variant_ingredients":"Organic Glucose Syrup (wheat), Organic Cane Sugar, Pectin, Citric Acid, Ascorbic Acid, Natural Flavors, Natural Colors (organic concentrated apple, organic carrot, organic pumpkin, organic black currant), Industrial Hemp, Melatonin."}
cbd-gummies-broad-spectrum-melatonin	50mg • 30ct	GUM-BS-CBD-50-30CT-MEL	35.00	3500	18.00	1800	FALSE	TRUE	Dose (mg)	50	Count (ct)	30ct			186.00	4	4	6	{"variant_description":"Crafted by Proleve and available at Total Hemp, this 50mg Broad Spectrum CBD PM Sleep Gummy includes 2.5mg of melatonin and comes in a 30-count bottle of assorted flavors for nighttime use.","variant_product_details":["50mg Broad Spectrum CBD per Gummy","2.5mg of Melatonin","Serving Size 1 Gummy","30 Count Bottle","Third-party ISO lab tested","Vegan and infused","THC Free","Assorted Flavors","A customer favorite for: Helping you to fall asleep and stay asleep"],"variant_ingredients":"Organic Glucose Syrup (wheat), Organic Cane Sugar, Pectin, Citric Acid, Ascorbic Acid, Natural Flavors, Natural Colors (organic concentrated apple, organic carrot, organic pumpkin, organic black currant), Industrial Hemp, Melatonin."}
cbd-gummies-broad-spectrum-melatonin	50mg • 100ct	GUM-BS-CBD-50-100CT-MEL	105.00	10500	55.00	5500	FALSE	TRUE	Dose (mg)	50	Count (ct)	100ct			570.00	4	4	6	{"variant_description":"This Proleve 50mg Broad Spectrum CBD PM Sleep Gummy is formulated for nighttime use with 2.5mg of melatonin. The 100-count pack extends the time between restocks while keeping your bedtime routine consistent.","variant_product_details":["50mg Broad Spectrum CBD per Gummy","2.5mg of Melatonin","Serving Size 1 Gummy","100 Count Bottle","Third-party ISO lab tested","Vegan and infused","THC Free","Assorted Flavors","A customer favorite for: Helping you to fall asleep and stay asleep"],"variant_ingredients":"Organic Glucose Syrup (wheat), Organic Cane Sugar, Pectin, Citric Acid, Ascorbic Acid, Natural Flavors, Natural Colors (organic concentrated apple, organic carrot, organic pumpkin, organic black currant), Industrial Hemp, Melatonin."}
cbg-gummies	25mg • 4ct	GUM-BS-CBG-25-4CT	16.00	1600	8.50	850	FALSE	TRUE	Dose (mg)	25	Count (ct)	4ct			85.04	4	4	6	{"variant_description":"Proleve's 25mg CBG Gummies help say farewell to wandering thoughts and welcome improved concentration. CBG is a cannabinoid from hemp often called the mother cannabinoid because it's the precursor to other cannabinoids. Each gummy is infused with 25mg of hemp-derived oil and comes in an assortment of flavors. The 4 count bag is a great way to get to know CBG. These gummies are all natural, non-GMO, vegan, and made to Proleve's quality standards.","variant_product_details":["25mg CBG per Gummy","Serving Size 1 Gummy","4 Count Pack","Third-party ISO lab tested","Vegan and infused","THC Free","Assorted Flavors","A customer favorite for: improving focus and mental clarity, promoting relaxation; managing anxiety, and inflammation; sleep support"],"variant_ingredients":"Organic Glucose Syrup (wheat), Organic Cane Sugar, Pectin, Citric Acid, Ascorbic Acid, Natural Flavors, Natural Colors (organic concentrated apple, organic carrot, organic pumpkin, organic black currant), Industrial Hemp."}
cbg-gummies	25mg • 30ct	GUM-BS-CBG-25-30CT	30.00	3000	15.00	1500	FALSE	TRUE	Dose (mg)	25	Count (ct)	30ct			186.00	4	4	6	{"variant_description":"From Proleve, this 25mg CBG Gummy helps fight mental fuzziness and invite tranquility. CBG, short for cannabigerol, is often called the mother cannabinoid because it's the compound from which other cannabinoids are derived. Each gummy is infused with 25mg of hemp-derived oil and comes in a convenient 30 count bottle of assorted flavors.","variant_product_details":["25mg CBG per Gummy","Serving Size 1 Gummy","30 Count Bottle","Third-party ISO lab tested","Vegan and infused","THC Free","Assorted Flavors","A customer favorite for: improving focus and mental clarity, promoting relaxation; managing anxiety, and inflammation; sleep support"],"variant_ingredients":"Organic Glucose Syrup (wheat), Organic Cane Sugar, Pectin, Citric Acid, Ascorbic Acid, Natural Flavors, Natural Colors (organic concentrated apple, organic carrot, organic pumpkin, organic black currant), Industrial Hemp."}
cbg-gummies	25mg • 100ct	GUM-BS-CBG-25-100CT	90.00	9000	45.00	4500	FALSE	TRUE	Dose (mg)	25	Count (ct)	100ct			570.00	4	4	6	{"variant_description":"Available at Total Hemp, Proleve's 25mg CBG Gummies help hone concentration while promoting relaxation. CBG is often called the mother cannabinoid because it's the precursor to other cannabinoids. Each gummy is infused with 25mg of hemp-derived oil, and the 100 count pack extends the time between orders. Offered in an assortment of flavors, these gummies are all natural, non-GMO, vegan, and made to Proleve's quality standards.","variant_product_details":["25mg CBG per Gummy","Serving Size 1 Gummy","100 Count Pack","Third-party ISO lab tested","Vegan and infused","THC Free","Assorted Flavors","A customer favorite for: improving focus and mental clarity, promoting relaxation; managing anxiety, and inflammation; sleep support"],"variant_ingredients":"Organic Glucose Syrup (wheat), Organic Cane Sugar, Pectin, Citric Acid, Ascorbic Acid, Natural Flavors, Natural Colors (organic concentrated apple, organic carrot, organic pumpkin, organic black currant), Industrial Hemp."}
cbg-gummies-b12	25mg • 4ct	GUM-BS-CBG-25-4CT-B12	18.00	1800	8.75	875	FALSE	TRUE	Dose (mg)	25	Count (ct)	4ct			85.04	4	4	6	{"variant_description":"This Proleve 25mg CBG + B12 Gummy sharpens mental clarity with 25mg of hemp-derived CBG and 1000mcg of B12, supporting DNA creation. Not ready to commit to a full size? The 4 count pack is a great way to give it a try. These gummies are all natural, non-GMO, vegan, and made to Proleve's quality standards.","variant_product_details":["25mg CBG per Gummy","1000mcg B12 per Gummy","Serving Size 1 Gummy","4 Count Pack","Third-party ISO lab tested","Vegan and infused","THC Free","Assorted Flavors","Our customers like this for: improving focus, mental clarity, and energy levels; managing anxiety, and inflammation, sleep support"],"variant_ingredients":"Organic Glucose Syrup (wheat), Organic Cane Sugar, Pectin, Citric Acid, Ascorbic Acid, Natural Flavors, Natural Colors (organic concentrated apple, organic carrot, organic pumpkin, organic black currant), Industrial Hemp."}
cbg-gummies-b12	25mg • 30ct	GUM-BS-CBG-25-30CT-B12	35.00	3500	16.00	1600	FALSE	TRUE	Dose (mg)	25	Count (ct)	30ct			186.00	4	4	6	{"variant_description":"Crafted by Proleve and available at Total Hemp, these 25mg CBG + B12 Gummies combine 25mg of hemp-derived CBG with 1000mcg of B12 to support energy and red blood cell formation. The 30 count bottle includes assorted flavors and an easy daily routine.","variant_product_details":["25mg CBG per Gummy","1000mcg B12 per Gummy","Serving Size 1 Gummy","30 Count Bottle","Third-party ISO lab tested","Vegan and infused","THC Free","Assorted Flavors","Our customers like this for: improving focus, mental clarity, and energy levels; managing anxiety, and inflammation, sleep support"],"variant_ingredients":"Organic Glucose Syrup (wheat), Organic Cane Sugar, Pectin, Citric Acid, Ascorbic Acid, Natural Flavors, Natural Colors (organic concentrated apple, organic carrot, organic pumpkin, organic black currant), Industrial Hemp."}
cbg-gummies-b12	25mg • 100ct	GUM-BS-CBG-25-100CT-B12	100.00	10000	48.00	4800	FALSE	TRUE	Dose (mg)	25	Count (ct)	100ct			570.00	4	4	6	{"variant_description":"A Proleve favorite, these 25mg CBG + B12 Gummies help improve focus and energy while delivering 1000mcg of B12 for nerve support. The 100 count pack lets you experience all that CBG has to offer before restocking, with assorted flavors in every bottle.","variant_product_details":["25mg CBG per Gummy","1000mcg B12 per Gummy","Serving Size 1 Gummy","100 Count Pack","Third-party ISO lab tested","Vegan and infused","THC Free","Assorted Flavors","Our customers like this for: improving focus, mental clarity, and energy levels; managing anxiety, and inflammation, sleep support"],"variant_ingredients":"Organic Glucose Syrup (wheat), Organic Cane Sugar, Pectin, Citric Acid, Ascorbic Acid, Natural Flavors, Natural Colors (organic concentrated apple, organic carrot, organic pumpkin, organic black currant), Industrial Hemp."}
cbd-isolate-salve	500mg • 1oz	SAL-ISO-CBD-500-1OZ	30.00	3000	15.00	1500	FALSE	TRUE	Strength (mg)	500	Size	1oz			52.00	4	4	6	{"variant_description":"Proleve's 500mg THC‑Free CBD Isolate Salve is designed to conquer chronic pain and banish skin concerns. Each 1oz jar contains 500mg of hemp‑derived isolate CBD, blended with aloe, coconut oil, chamomile flower oil, and sweet fennel oil for a luxurious skin experience. These formulas are all natural, organic, non‑GMO, gluten free, and made to Proleve's quality standards.","variant_product_details":["Isolate CBD oil from US grown hemp","500mg Isolate CBD per container","1oz container","THC Free","Reasons our customers like this: alleviates symptoms of acne, eczema, and psoriasis","A customer favorite for: aiding in relief from pain, muscle fatigue, muscle stiffness, and arthritis","Moisturizing and soothing to the skin","Third-party ISO lab tested","Vegan ingredients"],"variant_ingredients":"Organic Aloe Leaf Juice, Organic Coconut Oil, Industrial Hemp, MSM, Emulsifying Wax, Stearic Acid, Cetyl Alcohol, Hydroxyethyl Cellulose, Glycerin, Organic Arnica Flower Extract, Sweet Basil Leaf Oil, Black Pepper Oil, Roman Chamomile Flower Oil, German Chamomile Flower Oil, Cinnamon Leaf Oil, Citronella Oil, Eucalyptus Leaf Oil, Helichrysum Flower Oil, Ginger Root Oil, Pink Grapefruit Peel Oil, Juniper Berry Oil, Lemongrass Oil, Peppermint Oil, Pine Needle Oil, Cajeput Oil, Rosemary Leaf Oil, Spearmint Oil, Wild Oregano Oil, Organic Cypress Oil, Sweet Fennel Oil, Lemon Peel Oil, Lavender Flower Oil, Organic Alcohol, Phenoxyethanol, Caprylyl Glycol, Sorbic Acid."}
cbd-isolate-salve	100mg • 5g	SAL-ISO-CBD-100-5G	10.00	1000	4.00	400	FALSE	TRUE	Strength (mg)	100	Size	5g			43.00	4	4	6	{"variant_description":"From Proleve, this 100mg THC‑Free CBD Isolate Salve is a travel‑size option for fatigued muscles and irritated skin. Each 5g jar contains 100mg of hemp‑derived isolate CBD, blended with arnica flower extract, coconut oil, juniper berry oil, and lemongrass oil to support healthy skin. These formulas are all natural, organic, non‑GMO, gluten free, and made to Proleve's quality standards.","variant_product_details":["Isolate CBD oil from US grown hemp","100mg Isolate CBD per container","Size: 5 grams","THC Free","Our customers like this because it: alleviates symptoms of acne, eczema, and psoriasis","A customer favorite for: aiding in relief from pain, muscle fatigue, muscle stiffness, and arthritis","Moisturizing and soothing to the skin","Third-party ISO lab tested","Vegan ingredients"],"variant_ingredients":"Organic Aloe Leaf Juice, Organic Coconut Oil, Industrial Hemp, MSM, Emulsifying Wax, Stearic Acid, Cetyl Alcohol, Hydroxyethyl Cellulose, Glycerin, Organic Arnica Flower Extract, Sweet Basil Leaf Oil, Black Pepper Oil, Roman Chamomile Flower Oil, German Chamomile Flower Oil, Cinnamon Leaf Oil, Citronella Oil, Eucalyptus Leaf Oil, Helichrysum Flower Oil, Ginger Root Oil, Pink Grapefruit Peel Oil, Juniper Berry Oil, Lemongrass Oil, Peppermint Oil, Pine Needle Oil, Cajeput Oil, Rosemary Leaf Oil, Spearmint Oil, Wild Oregano Oil, Organic Cypress Oil, Sweet Fennel Oil, Lemon Peel Oil, Lavender Flower Oil, Organic Alcohol, Phenoxyethanol, Caprylyl Glycol, Sorbic Acid."}
cbd-isolate-lotion	500mg • 6oz	LOT-ISO-CBD-500-6OZ	25.00	2500	12.00	1200	FALSE	TRUE	Strength (mg)	500	Size	6oz			227.00	4	4	6	{"variant_description":"Crafted by Proleve and available at Total Hemp, this 500mg THC‑Free CBD Isolate Hand & Body Lotion soothes aching joints and irritated skin. Each 6oz container blends 500mg of hemp‑derived CBD isolate with aloe, shea butter, and vitamin E for a smooth, moisturizing application. All natural, non‑GMO, vegan, and made to Proleve's quality standards.","variant_product_details":["THC Free CBD from US grown hemp","500mg CBD Isolate oil per bottle","6oz bottle","Reasons our customers use this: relief for joint pain, muscle aches, and skin irritation","Third-party ISO lab tested","Vegan ingredients"],"variant_ingredients":"Organic Aloe Leaf Juice, Organic Coconut Oil, Industrial Hemp, Organic Alcohol, Emulsifying Wax, Stearic Acid, Glycerin, Organic Jojoba Seed Oil, Organic Olive Fruit Oil, Organic Rooibos Leaf Extract, Organic White Willow Bark Extract, DMAE Bitartrate, MSM, Vitamin E, Sunflower Seed Oil, Organic Rosemary Leaf Extract, Organic Neem Seed Oil, Xanthan Gum"}
cbd-full-spectrum-salve	500mg • 1oz	SAL-FS-CBD-500-1OZ	30.00	3000	15.00	1500	FALSE	TRUE	Strength (mg)	500	Size	1oz			52.00	4	4	6	{"variant_description":"Proleve's 500mg Full Spectrum CBD Salve helps calm skin and pacify pain. Each 1oz jar contains 500mg of hemp‑derived full spectrum CBD and is blended with olive oil, coconut oil, lavender, and tea tree oil for a skin‑soothing experience. These formulas are all natural, non‑GMO, gluten free, and made to Proleve's quality standards.","variant_product_details":["Full Spectrum Oil from US grown hemp","500mg full spectrum CBD per container","1oz container","Reasons our customers like this: alleviates symptoms of acne, eczema, and psoriasis","A customer favorite for: aiding in relief from pain, muscle fatigue, muscle stiffness, and arthritis","Moisturizing and soothing to the skin","Third-party ISO lab tested","Vegan ingredients"],"variant_ingredients":"Grapeseed Oil, Yellow Beeswax, Peppermint Oil, Organic Coconut Oil, Industrial Hemp, Menthol, Sweet Basil Leaf Oil, Black Pepper Oil, Roman Chamomile Flower Oil, German Chamomile Flower Oil, Cinnamon Leaf Oil, Citronella Oil, Eucalyptus Leaf Oil, Helichrysum Flower Oil, Ginger Root Oil, Pink Grapefruit Peel Oil, Juniper Berry Oil, Lemongrass Oil, Pine Needle Oil, Cajeput Oil, Rosemary Leaf Oil, Spearmint Oil, Wild Oregano Oil, Organic Cypress Oil, Fennel Oil, Lemon Peel Oil, Lavender Flower Oil"}
cbd-full-spectrum-salve	100mg • 5g	SAL-FS-CBD-100-5G	10.00	1000	4.00	400	FALSE	TRUE	Strength (mg)	100	Size	5g			43.00	4	4	6	{"variant_description":"From Proleve, this 100mg Full Spectrum CBD Salve is a travel‑size option for chronic skin concerns and joint relief. Each 5g jar contains 100mg of hemp‑derived full spectrum CBD and is blended with olive oil, coconut oil, lavender, and tea tree oil for a true skincare feel. These formulas are all natural, non‑GMO, gluten free, and made to Proleve's quality standards.","variant_product_details":["Full Spectrum Oil from US grown hemp","100mg full spectrum CBD per container","Size: 5 grams","Reasons our customers like this: alleviates symptoms of acne, eczema, and psoriasis","A customer favorite for: aiding in relief from pain, muscle fatigue, muscle stiffness, and arthritis","Moisturizing and soothing to the skin","Third-party ISO lab tested","Vegan ingredients"],"variant_ingredients":"Grapeseed Oil, Yellow Beeswax, Peppermint Oil, Organic Coconut Oil, Industrial Hemp, Menthol, Sweet Basil Leaf Oil, Black Pepper Oil, Roman Chamomile Flower Oil, German Chamomile Flower Oil, Cinnamon Leaf Oil, Citronella Oil, Eucalyptus Leaf Oil, Helichrysum Flower Oil, Ginger Root Oil, Pink Grapefruit Peel Oil, Juniper Berry Oil, Lemongrass Oil, Pine Needle Oil, Cajeput Oil, Rosemary Leaf Oil, Spearmint Oil, Wild Oregano Oil, Organic Cypress Oil, Fennel Oil, Lemon Peel Oil, Lavender Flower Oil"}
cbd-cooling-roll-on-bso	2000mg • 3oz	ROL-BS-CBD-2000-COOL	35.00	3500	16.00	1600	FALSE	TRUE	Strength (mg)	2000	Size	3oz	Count (ct)	1ct	120.00	4	4	6	{"variant_description":"Proleve's 2000mg Broad Spectrum CBD Cooling Roll‑On offers respite from pain and inflammation. Each 3oz roll‑on contains 2000mg of hemp‑derived broad spectrum CBD and includes ingredients such as olive oil, turmeric root extract, lavender, and eucalyptus to support cooling relief. This roll‑on is all natural, non‑GMO, gluten free, and made to Proleve's quality standards.","variant_product_details":["Broad Spectrum Oil from US grown hemp","2000mg broad spectrum oil per roll‑on","3oz container","Reasons our customers use this: may reduce swelling and provide temporary pain relief","Third-party ISO lab tested","Vegan ingredients"],"variant_ingredients":"Water, *Alcohol, Daikon Radish Oil, Witch Hazel Distillate, Menthol, Carbomer, Industrial Hemp, Glycerin, Triethanolamine, *Olive Oil, *Arnica Flower Infusion, *Aloe Vera Powder, Pine Scotch Essential Oil, Spearmint Essential Oil, Lemongrass Essential Oil, Eucalyptus Essential Oil, Peppermint Essential Oil, White Camphor Essential Oil, Neem Extract, Ivy Gourd Extract, Eggplant Extract, Aloe Extract, Tulsi Extract, Basil Extract, Turmeric Root Extract, Seaweed, Tetrasodium Glutamate Diacetate, Phenoxyethanol"}
cbd-cooling-roll-on-bso	2000mg • 3oz • 6ct	ROL-BS-CBD-2000-COOL-6CT	150.00	15000	72.00	7200	FALSE	TRUE	Strength (mg)	2000	Size	3oz	Count (ct)	6ct	720.00	4	4	6	{"variant_description":"Proleve's 2000mg Broad Spectrum CBD Cooling Roll‑On offers respite from pain and inflammation. Each 3oz roll‑on contains 2000mg of hemp‑derived broad spectrum CBD and includes ingredients such as olive oil, turmeric root extract, lavender, and eucalyptus to support cooling relief. This roll‑on is all natural, non‑GMO, gluten free, and made to Proleve's quality standards.","variant_product_details":["Broad Spectrum Oil from US grown hemp","2000mg broad spectrum oil per roll‑on","3oz container","Reasons our customers use this: may reduce swelling and provide temporary pain relief","Third-party ISO lab tested","Vegan ingredients"],"variant_ingredients":"Water, *Alcohol, Daikon Radish Oil, Witch Hazel Distillate, Menthol, Carbomer, Industrial Hemp, Glycerin, Triethanolamine, *Olive Oil, *Arnica Flower Infusion, *Aloe Vera Powder, Pine Scotch Essential Oil, Spearmint Essential Oil, Lemongrass Essential Oil, Eucalyptus Essential Oil, Peppermint Essential Oil, White Camphor Essential Oil, Neem Extract, Ivy Gourd Extract, Eggplant Extract, Aloe Extract, Tulsi Extract, Basil Extract, Turmeric Root Extract, Seaweed, Tetrasodium Glutamate Diacetate, Phenoxyethanol"}
cbd-warming-roll-on-bso	2000mg • 3oz	ROL-BS-CBD-2000-WARM	35.00	3500	16.00	1600	FALSE	TRUE	Strength (mg)	2000	Size	3oz	Count (ct)	1ct	120.00	4	4	6	{"variant_description":"Proleve's 2000mg Broad Spectrum CBD Warming Roll‑On is designed to prepare for workouts and ease muscle stiffness. Each 3oz roll‑on contains 2000mg of hemp‑derived broad spectrum CBD and includes meadowfoam seed oil, menthol, cinnamon leaf oil, and aloe to promote relief. This topical is all natural, non‑GMO, gluten free, and made to Proleve's quality standards.","variant_product_details":["Broad Spectrum Oil from US grown hemp","2000mg broad spectrum CBD per roll‑on","3oz container","A customer favorite because it: Relieves stiff muscles and aids in muscle warm up","Third-party ISO lab tested","Vegan ingredients"],"variant_ingredients":"Organic Aloe Leaf Juice, Meadowfoam Seed Oil, Menthol Crystals, Industrial Hemp, Capsicum Fruit Oleoresin, White Camphor Bark Oil, Sweet Basil Leaf Oil, Black Pepper Oil, Roman Chamomile Flower Oil, German Chamomile Flower Oil, Cinnamon Leaf Oil, Citronella Oil, Eucalyptus Leaf Oil, Helichrysum Flower Oil, Ginger Root Oil, Pink Grapefruit Peel Oil, Juniper Berry Oil, Lemongrass Oil, Peppermint Oil, Pine Needle Oil, Cajeput Oil, Rosemary Leaf Oil, Spearmint Oil, Wild Oregano Oil, Glycerin, Witch Hazel Water, Organic Alcohol, Phenoxyethanol, Carbomer, Triethanolamine, Tetrasodium Glutamate Diacetate"}
cbd-warming-roll-on-bso	2000mg • 3oz • 6ct	ROL-BS-CBD-2000-WARM-6CT	150.00	15000	72.00	7200	FALSE	TRUE	Strength (mg)	2000	Size	3oz	Count (ct)	6ct	720.00	4	4	6	{"variant_description":"Proleve's 2000mg Broad Spectrum CBD Warming Roll‑On is designed to prepare for workouts and ease muscle stiffness. Each 3oz roll‑on contains 2000mg of hemp‑derived broad spectrum CBD and includes meadowfoam seed oil, menthol, cinnamon leaf oil, and aloe to promote relief. This topical is all natural, non‑GMO, gluten free, and made to Proleve's quality standards.","variant_product_details":["Broad Spectrum Oil from US grown hemp","2000mg broad spectrum CBD per roll‑on","3oz container","A customer favorite because it: Relieves stiff muscles and aids in muscle warm up","Third-party ISO lab tested","Vegan ingredients"],"variant_ingredients":"Organic Aloe Leaf Juice, Meadowfoam Seed Oil, Menthol Crystals, Industrial Hemp, Capsicum Fruit Oleoresin, White Camphor Bark Oil, Sweet Basil Leaf Oil, Black Pepper Oil, Roman Chamomile Flower Oil, German Chamomile Flower Oil, Cinnamon Leaf Oil, Citronella Oil, Eucalyptus Leaf Oil, Helichrysum Flower Oil, Ginger Root Oil, Pink Grapefruit Peel Oil, Juniper Berry Oil, Lemongrass Oil, Peppermint Oil, Pine Needle Oil, Cajeput Oil, Rosemary Leaf Oil, Spearmint Oil, Wild Oregano Oil, Glycerin, Witch Hazel Water, Organic Alcohol, Phenoxyethanol, Carbomer, Triethanolamine, Tetrasodium Glutamate Diacetate"}
cbd-bath-bombs	Calming • 35mg	BAT-CBD-35-CALM	12.00	1200	6.00	600	FALSE	TRUE	Type	Calming	Strength (mg)	35			142.00	4	4	6	{"variant_description":"From Proleve, this 35mg CBD Restorative Citrus Bath Bomb helps enliven your spirits and relieve aching muscles. Each 5oz bath bomb contains 35mg of hemp‑derived CBD. Bright citrus notes pair with skincare ingredients like shea butter and Himalayan Pink Salts for a luxurious soak. These bath bombs are all natural, non‑GMO, and made to Proleve's quality standards.","variant_product_details":["THC Free CBD from US grown hemp","35mg CBD isolate per bath bomb","Size: 5oz","A customer favorite for promoting relaxation and muscle recovery","Third-party ISO lab tested","Vegan ingredients"],"variant_ingredients":"Sodium Bicarbonate, Citric Acid, Aqua, 35mg of CBD Isolate, Shea Butter, Himalayan Pink Salt, Helichrysum & Bergamot Essential Oils blend, Batch Certified Yellow no.5 & Red 28 Colorants, Fragrance, SLSA (May contain Cream of Tartar, Milk Powder, Dead Sea Salt, Epsom salt & Polysorbate 80)"}
cbd-bath-bombs	Soothing • 35mg	BAT-CBD-35-SOOTHE	12.00	1200	6.00	600	FALSE	TRUE	Type	Soothing	Strength (mg)	35			142.00	4	4	6	{"variant_description":"Proleve's 35mg CBD Soothing Eucalyptus Bath Bomb is designed to help you surrender to ease and tranquility. Each 5oz bath bomb contains 35mg of hemp‑derived CBD. Eucalyptus pairs with coconut oil and Dead Sea salts to support a soothing soak. These bath bombs are all natural, non‑GMO, and made to Proleve's quality standards.","variant_product_details":["THC Free CBD from US grown hemp","35mg CBD isolate per bath bomb","Size: 5oz","Reasons our customers use this: relaxation and muscle recovery","Third-party ISO lab tested","Vegan ingredients"],"variant_ingredients":"Sodium Bicarbonate, Citric Acid, Aqua, 35mg of CBD Isolate, Coconut Oil, Epsom Salt, Wintergreen & Peppermint Essential Oils blend, Batch Certified Blue no.1 Colorant, Fragrance, SLSA (May contain Cream of Tartar, Milk Powder, Dead Sea Salt, Epsom salt & Polysorbate 80)"}
cbd-bath-bombs	Pure • 100mg	BAT-CBD-100-PURE	15.00	1500	7.00	700	FALSE	TRUE	Type	Pure	Strength (mg)	100			142.00	4	4	6	{"variant_description":"A Proleve favorite, this 100mg CBD Calming Jasmine Bath Bomb helps wash away stress and melt into relaxation. Each 5oz bath bomb contains 100mg of hemp‑derived CBD. Jasmine fragrance pairs with coconut and tea tree oils to calm irritated skin. These bath bombs are all natural, non‑GMO, and made to Proleve's quality standards.","variant_product_details":["THC Free CBD from US grown hemp","100mg CBD isolate per bath bomb","Size: 5oz","Our customers like this product for: relaxation and muscle recovery","Third-party ISO lab tested","Vegan ingredients"],"variant_ingredients":"Sodium Bicarbonate, Citric Acid, Aqua, 100mg of CBD Isolate, Coconut Oil, Tea Tree Essential Oil, Eco-Friendly glitter, Fragrance, SLSA (May contain Cream of Tartar, Milk Powder, Dead Sea Salt, Epsom salt & Polysorbate 80)"}
thc-gummies	12mg • 10ct	D9-GUM-12-10CT	15.00	1500	6.00	600	FALSE	TRUE	Dose (mg)	12	Count (ct)	10ct	Flavor	Assorted	85.05	4	4	6	{"variant_description":"Barney's Botanicals 12mg Delta‑9 Gummies are infused with 12mg of premium hemp‑derived D9 oil for a smooth, calming experience. The 10‑count “try it” pack comes in assorted flavors and is made with the quality you expect from Barney’s Botanicals.","variant_product_details":["12mg Delta 9 THC per Gummy","10 Count Pack","Third-party ISO lab tested","Vegan and infused","Assorted Flavors"],"variant_ingredients":"Organic Glucose Syrup (wheat), Organic Cane Sugar, Pectin, Citric Acid, Ascorbic Acid, Natural Flavors, Natural Colors (organic concentrated apple, organic carrot, organic pumpkin, organic black currant), Industrial Hemp."}
thc-gummies	12mg • 30ct	D9-GUM-12-30CT	30.00	3000	15.00	1500	FALSE	TRUE	Dose (mg)	12	Count (ct)	30ct	Flavor	Assorted	184.27	4	4	6	{"variant_description":"From Barney’s Botanicals, these 12mg Delta‑9 Gummies deliver 12mg of hemp‑derived D9 per piece with assorted fruity flavors. The 30‑count bottle is a convenient size for regular use.","variant_product_details":["12mg Delta 9 THC per Gummy","30 Count Bottle","Third-party ISO lab tested","Vegan and infused","Assorted Flavors"],"variant_ingredients":"Organic Glucose Syrup (wheat), Organic Cane Sugar, Pectin, Citric Acid, Ascorbic Acid, Natural Flavors, Natural Colors (organic concentrated apple, organic carrot, organic pumpkin, organic black currant), Industrial Hemp."}
thc-gummies	12mg • 100ct	D9-GUM-12-100CT	85.00	8500	45.00	4500	FALSE	TRUE	Dose (mg)	12	Count (ct)	100ct	Flavor	Assorted	570.00	4	4	6	{"variant_description":"A Barney’s Botanicals favorite, these 12mg Delta‑9 Gummies deliver a gentle, euphoric lift with each piece. The 100‑count pack is perfect for sharing and extended use, with assorted flavors in every bag.","variant_product_details":["12mg Delta 9 THC per Gummy","100 Count Pack","Third-party ISO lab tested","Vegan and infused","Assorted Flavors"],"variant_ingredients":"Organic Glucose Syrup (wheat), Organic Cane Sugar, Pectin, Citric Acid, Ascorbic Acid, Natural Flavors, Natural Colors (organic concentrated apple, organic carrot, organic pumpkin, organic black currant), Industrial Hemp."}
thc-gummies	30mg • 4ct	D9-GUM-30-4CT	15.00	1500	6.00	600	FALSE	TRUE	Dose (mg)	30	Count (ct)	4ct	Flavor	Assorted	85.05	4	4	6	{"variant_description":"Looking for a stronger option? Barney’s Botanicals 30mg Delta‑9 Gummies pack 30mg of hemp‑derived D9 per piece. The 4‑count pack is a low‑commitment way to try it out.","variant_product_details":["30mg Delta 9 THC per Gummy","4 Count Pack","Third-party ISO lab tested","Vegan and infused","Flavor: Assorted"],"variant_ingredients":"Organic Glucose Syrup (wheat), Organic Cane Sugar, Pectin, Citric Acid, Ascorbic Acid, Natural Flavors, Natural Colors (organic concentrated apple, organic carrot, organic pumpkin, organic black currant), Industrial Hemp."}
thc-gummies	30mg • 30ct	D9-GUM-30-30CT	65.00	6500	35.00	3500	FALSE	TRUE	Dose (mg)	30	Count (ct)	30ct	Flavor	Assorted	425.00	4	4	6	{"variant_description":"Barney’s Botanicals 30mg Delta‑9 Gummies are crafted for deeper relaxation, with 30mg of hemp‑derived D9 in each piece. The 30‑count bottle includes assorted flavors for easy dosing.","variant_product_details":["30mg Delta 9 THC per Gummy","30 Count Bottle","Third-party ISO lab tested","Vegan and infused","Flavor: Assorted"],"variant_ingredients":"Organic Glucose Syrup (wheat), Organic Cane Sugar, Pectin, Citric Acid, Ascorbic Acid, Natural Flavors, Natural Colors (organic concentrated apple, organic carrot, organic pumpkin, organic black currant), Industrial Hemp."}
thc-gummies	50mg • 2ct	D9-GUM-50-2CT	13.00	1300	6.00	600	FALSE	TRUE	Dose (mg)	50	Count (ct)	2ct	Flavor	Blue Razz + Strawberry	406.00	4	4	6	{"variant_description":"From Barney’s Botanicals, these 50mg Delta‑9 Gummies deliver a strong, mellow experience. The 2‑count fun‑size bag features a mix of blue razz and strawberry flavors.","variant_product_details":["50mg Delta 9 THC per Gummy","2 Count Pack","Third-party ISO lab tested","Vegan and infused","Assorted Blue Razz and Strawberry Flavors"],"variant_ingredients":"Organic Glucose Syrup (wheat), Organic Cane Sugar, Pectin, Citric Acid, Ascorbic Acid, Natural Flavors, Industrial Hemp."}
thc-gummies	50mg • 20ct	D9-GUM-50-20CT	70.00	7000	35.00	3500	FALSE	TRUE	Dose (mg)	50	Count (ct)	20ct	Flavor	Blue Razz + Strawberry	40.00	4	4	6	{"variant_description":"Crafted by Barney’s Botanicals and available at Total Hemp, these 50mg Delta‑9 Gummies provide a smooth, potent experience. The 20‑count pack features blue razz and strawberry flavors for a balanced mix.","variant_product_details":["50mg Delta 9 THC per Gummy","20 Count Pack","Third-party ISO lab tested","Vegan and infused","Assorted Blue Razz and Strawberry Flavors"],"variant_ingredients":"Organic Glucose Syrup (wheat), Organic Cane Sugar, Pectin, Citric Acid, Ascorbic Acid, Natural Flavors, Industrial Hemp."}
thc-drink-additives-4oz	Blue Razz • 4oz • 420mg	D9-DRK-420-BLUERAZZ	30.00	3000	15.00	1500	FALSE	TRUE	Flavor	Blue Razz	Size	4oz	Strength (mg)	420	155.92	4	4	6	{"variant_description":"Ride the euphoria with our Delta 9 THC syrup. The sweet‑tart Blue Razz flavor delights and refreshes as the D9 THC encourages full relaxation. Each bottle contains 420mg of the finest hemp‑derived D9. Enjoy on its own or mix into your favorite beverage. While the suggested serving size is 1/4 teaspoon, our motto is \"start low, go slow\" to best gauge your own personal tolerance. Our syrups are proudly all natural, non‑GMO, and contain the superior quality and purity that you can expect from Barney's Botanicals.","variant_product_details":["5mg Delta 9 THC per teaspoon","Serving size: 1/4 teaspoon","Servings per bottle: 84","Third-party ISO lab tested","All natural, Vegan and Infused","Flavor: Blue Razz"],"variant_ingredients":"Water, sugar, 100% hemp-derived delta 9 THC distillate, lecithin, citric acid, natural flavors."}
thc-drink-additives-4oz	Tropical Punch • 4oz • 420mg	D9-DRK-420-TROP	30.00	3000	15.00	1500	FALSE	TRUE	Flavor	Tropical Punch	Size	4oz	Strength (mg)	420	155.92	4	4	6	{"variant_description":"Find your bliss with our Delta 9 THC syrup. The refreshing Tropical Punch flavor offers a mini‑vacation as the D9 THC allows you to relax and unwind. Each bottle contains 420mg of the finest hemp‑derived D9. Mix it with your favorite beverage or savor it on its own. While the suggested serving size is 1/4 teaspoon, our motto is \"start low, go slow\" to best gauge your own personal tolerance. Our syrups are proudly all natural, non‑GMO, and contain the superior quality and purity that you can expect from Barney's Botanicals.","variant_product_details":["5mg Delta 9 THC per teaspoon","Serving size: 1/4 teaspoon","Servings per bottle: 84","Third-party ISO lab tested","All natural, Vegan and Infused","Flavor: Tropical Punch"],"variant_ingredients":"Water, sugar, 100% hemp-derived delta 9 THC distillate, lecithin, citric acid, natural flavors."}
thc-drink-additives-4oz	Pineapple • 4oz • 420mg	D9-DRK-420-PINE	30.00	3000	15.00	1500	FALSE	TRUE	Flavor	Pineapple	Size	4oz	Strength (mg)	420	155.92	4	4	6	{"variant_description":"Buoy your mood with our Delta 9 THC syrup. The heady Pineapple flavor evokes an island paradise while the D9 THC provides an escape from the day. Each bottle contains 420mg of the finest hemp‑derived D9. Mix it with your favorite beverage or savor it on its own. While the suggested serving size is 1/4 teaspoon, our motto is \"start low, go slow\" to best gauge your own personal tolerance. Our syrups are proudly all natural, non‑GMO, and contain the superior quality and purity that you can expect from Barney's Botanicals.","variant_product_details":["5mg Delta 9 THC per teaspoon","Serving size: 1/4 teaspoon","Servings per bottle: 84","Third-party ISO lab tested","All natural, Vegan and Infused","Flavor: Pineapple"],"variant_ingredients":"Water, sugar, 100% hemp-derived delta 9 THC distillate, lecithin, citric acid, natural flavors."}
thc-drink-additives-4oz	Black Cherry • 4oz • 420mg	D9-DRK-420-BCHERRY	30.00	3000	15.00	1500	FALSE	TRUE	Flavor	Black Cherry	Size	4oz	Strength (mg)	420	155.92	4	4	6	{"variant_description":"Elevate your downtime with our Black Cherry Delta 9 THC syrup. Each 420mg bottle delivers the sweet, juicy taste of black cherry with a subtle earthy undertone and full‑body relaxation. Enjoy straight or blend into beverages. While the suggested serving size is 1/4 teaspoon, our motto is \"start low, go slow\" to best gauge your own personal tolerance. Our syrups are proudly all natural, non‑GMO, and contain the superior quality and purity that you can expect from Barney's Botanicals.","variant_product_details":["5mg Delta 9 THC per 1/4 teaspoon","Serving size: 1/4 teaspoon","Servings per bottle: 84","Third-party ISO lab tested","All natural, Vegan and Infused","Flavor: Black Cherry"],"variant_ingredients":"Water, sugar, 100% hemp-derived delta 9 THC distillate, lecithin, citric acid, natural flavors."}
thc-drink-additives-4oz	Blood Orange • 4oz • 420mg	D9-DRK-420-BLOODORG	30.00	3000	15.00	1500	FALSE	TRUE	Flavor	Blood Orange	Size	4oz	Strength (mg)	420	155.92	4	4	6	{"variant_description":"Unwind naturally with our Blood Orange Delta 9 THC syrup. Crafted with 420mg of premium hemp‑derived D9, it promotes deep relaxation in every sip. The sweet, slightly tart flavor serves up berry undertones, making it a great choice to mix or enjoy straight. While the suggested serving size is 1/4 teaspoon, our motto is \"start low, go slow\" to best gauge your own personal tolerance. Our syrups are proudly all natural, non‑GMO, and contain the superior quality and purity that you can expect from Barney's Botanicals.","variant_product_details":["5mg Delta 9 THC per 1/4 teaspoon","Serving size: 1/4 teaspoon","Servings per bottle: 84","Third-party ISO lab tested","All natural, Vegan and Infused","Flavor: Blood Orange"],"variant_ingredients":"Water, sugar, 100% hemp-derived delta 9 THC distillate, lecithin, citric acid, natural flavors."}
thc-drink-additives-4oz	Watermelon • 4oz • 420mg	D9-DRK-420-WATERMEL	30.00	3000	15.00	1500	FALSE	TRUE	Flavor	Watermelon	Size	4oz	Strength (mg)	420	155.92	4	4	6	{"variant_description":"Kick back with a blast of juicy Watermelon and 420mg of hemp‑derived Delta 9 THC. Sip solo or mix it up—either way, you’re in for smooth, euphoric chill. While the suggested serving size is 1/4 teaspoon, our motto is \"start low, go slow\" to best gauge your own personal tolerance. Our syrups are proudly all natural, non‑GMO, and contain the superior quality and purity that you can expect from Barney's Botanicals.","variant_product_details":["5mg Delta 9 THC per 1/4 teaspoon","Serving size: 1/4 teaspoon","Servings per bottle: 84","Third-party ISO lab tested","All natural, Vegan and Infused","Flavor: Watermelon"],"variant_ingredients":"Water, sugar, 100% hemp-derived delta 9 THC distillate, lecithin, citric acid, natural flavors."}
thc-drink-shots-50mg-40ct	Blue Razz • 50mg • 40ct	D9-DRK-50-BLUERAZZ-40CT	65.00	6500	30.00	3000	FALSE	TRUE	Flavor	Blue Razz	Count (ct)	40ct	Strength (mg)	50	850.00	4	4	6	{"variant_description":"End your day on a smooth note. Our 40‑count box of Blue Razz Delta 9 THC shots delivers 50mg of premium hemp‑derived D9 THC per packet. Sip straight or mix into your favorite drink—no mess, no stress, just pure relaxation. All‑natural flavoring and non‑GMO formula with the quality you expect from Barney's Botanicals.","variant_product_details":["50mg of Delta 9 Syrup per packet","2000mg of Delta 9 Syrup per box","40 packets per box","Third-party ISO lab tested","Other available flavors: Tropical, Pineapple, Pink Lemonade","Blue Razz Flavor"],"variant_ingredients":"Water, sugar, 100% hemp-derived delta 9 THC distillate, lecithin, citric acid, natural flavors and coloring, and terpenes."}
thc-drink-shots-50mg-40ct	Pineapple • 50mg • 40ct	D9-DRK-50-PINE-40CT	65.00	6500	30.00	3000	FALSE	TRUE	Flavor	Pineapple	Count (ct)	40ct	Strength (mg)	50	850.00	4	4	6	{"variant_description":"Find where precision meets peace. Each packet in this 40‑count box of Pineapple Delta 9 THC shots contains 50mg of lab‑tested, hemp‑derived D9. Enjoy straight or mixed—zero mess, zero guesswork. All‑natural and non‑GMO, with the quality you expect from Barney's Botanicals.","variant_product_details":["50mg of Delta 9 Syrup per packet","2000mg of Delta 9 Syrup per box","40 packets per box","Third-party ISO lab tested","Other available flavors: Tropical, Blue Razz, Pink Lemonade","Pineapple Flavor"],"variant_ingredients":"Water, sugar, 100% hemp-derived delta 9 THC distillate, lecithin, citric acid, natural flavors and coloring, and terpenes."}
thc-drink-shots-50mg-40ct	Tropical • 50mg • 40ct	D9-DRK-50-TROP-40CT	65.00	6500	30.00	3000	FALSE	TRUE	Flavor	Tropical	Count (ct)	40ct	Strength (mg)	50	850.00	4	4	6	{"variant_description":"Wrap up your day the right way. These Tropical Delta 9 THC shots are crafted to help you relax and reset—no mess, no guesswork. Each packet delivers 50mg of hemp‑derived D9. All‑natural flavoring, non‑GMO, and made to Barney's Botanicals quality standards.","variant_product_details":["50mg of Delta 9 Syrup per packet","2000mg of Delta 9 Syrup per box","40 packets per box","Third-party ISO lab tested","Other available flavors: Pineapple, Blue Razz, Pink Lemonade","Tropical Flavor"],"variant_ingredients":"Water, sugar, 100% hemp-derived delta 9 THC distillate, lecithin, citric acid, natural flavors and coloring, and terpenes."}
thc-drink-shots-50mg-40ct	Pink Lemonade • 50mg • 40ct	D9-DRK-50-PINKLEM-40CT	65.00	6500	30.00	3000	FALSE	TRUE	Flavor	Pink Lemonade	Count (ct)	40ct	Strength (mg)	50	850.00	4	4	6	{"variant_description":"Precision crafted for pure relaxation. Each Pink Lemonade‑flavored Delta 9 THC shot packet delivers 50mg of carefully tested hemp‑derived D9. With 40 easy‑to‑use packets, enjoy effortless peace—on its own or in your favorite drink. All‑natural and non‑GMO, with the quality you expect from Barney's Botanicals.","variant_product_details":["50mg of Delta 9 Syrup per packet","2000mg of Delta 9 Syrup per box","40 packets per box","Third-party ISO lab tested","Other available flavors: Tropical, Pineapple, Blue Razz","Pink Lemonade Flavor"],"variant_ingredients":"Water, sugar, 100% hemp-derived delta 9 THC distillate, lecithin, citric acid, natural flavors and coloring, and terpenes."}
thc-drink-shots-50mg-1ct	Blue Razz • 50mg • 1ct	D9-DRK-50-BLUERAZZ-1CT	2.50	250	0.85	85	FALSE	TRUE	Flavor	Blue Razz	Count (ct)	1ct	Strength (mg)	50	21.25	4	4	6	{"variant_description":"Good things come in small packages. Savor the taste of tranquil calm with our 50mg D9 THC shot in Blue Razz. Sip it straight or mix into a drink—good vibes await. Each packet contains 50mg of hemp‑derived Delta 9 oil and the quality you expect from Barney's Botanicals. Looking to go beyond the single shot? Our 40‑count box is the answer.","variant_product_details":["50mg of Delta 9 Syrup","Third-party ISO lab tested","Blue Razz Flavor","Other available flavors: Tropical, Pineapple, Pink Lemonade"],"variant_ingredients":"Water, sugar, 100% hemp-derived delta 9 THC distillate, lecithin, citric acid, natural flavors and coloring, and terpenes."}
thc-drink-shots-50mg-1ct	Pink Lemonade • 50mg • 1ct	D9-DRK-50-PINKLEM-1CT	2.50	250	0.85	85	FALSE	TRUE	Flavor	Pink Lemonade	Count (ct)	1ct	Strength (mg)	50	21.25	4	4	6	{"variant_description":"Find your moment of mellow with our 50mg D9 THC shot in Pink Lemonade. Perfect solo or mixed into your favorite drink. Each packet contains 50mg of hemp‑derived Delta 9 oil and Barney's Botanicals quality. One packet not enough? Stock up with the 40‑count box.","variant_product_details":["50mg of Delta 9 Syrup","Third-party ISO lab tested","Pink Lemonade Flavor","Other available flavors: Tropical, Blue Razz, Pineapple"],"variant_ingredients":"Water, sugar, 100% hemp-derived delta 9 THC distillate, lecithin, citric acid, natural flavors and coloring, and terpenes."}
thc-drink-shots-50mg-1ct	Tropical • 50mg • 1ct	D9-DRK-50-TROP-1CT	2.50	250	0.85	85	FALSE	TRUE	Flavor	Tropical	Count (ct)	1ct	Strength (mg)	50	21.25	4	4	6	{"variant_description":"Chill out and sip in style with our 50mg D9 THC shot in Tropical flavor. Great on its own or as a mixer. Each packet contains 50mg of hemp‑derived Delta 9 oil and Barney's Botanicals quality. Need more than a one‑and‑done? Grab the 40‑count box.","variant_product_details":["50mg of Delta 9 Syrup","Third-party ISO lab tested","Tropical Flavor","Other available flavors: Pineapple, Blue Razz, Pink Lemonade"],"variant_ingredients":"Water, sugar, 100% hemp-derived delta 9 THC distillate, lecithin, citric acid, natural flavors and coloring, and terpenes."}
thc-drink-shots-50mg-1ct	Pineapple • 50mg • 1ct	D9-DRK-50-PINE-1CT	2.50	250	0.85	85	FALSE	TRUE	Flavor	Pineapple	Count (ct)	1ct	Strength (mg)	50	21.25	4	4	6	{"variant_description":"Taste the tropics with our 50mg D9 THC shot in Pineapple. Sip straight or mix it up. Each packet contains 50mg of hemp‑derived Delta 9 oil and Barney's Botanicals quality. Craving more? The 40‑count box has you covered.","variant_product_details":["50mg of Delta 9 Syrup","Third-party ISO lab tested","Pineapple Flavor","Other available flavors: Tropical, Blue Razz, Pink Lemonade"],"variant_ingredients":"Water, sugar, 100% hemp-derived delta 9 THC distillate, lecithin, citric acid, natural flavors and coloring, and terpenes."}
thc-cereal-bars	Lucky Puff • 160mg	D9-CER-160-LUCKY	15.00	1500	7.50	750	FALSE	TRUE	Flavor	Lucky Puff	Strength (mg)	160	Count (ct)	2ct	70.87	4	4	6	{"variant_description":"Experience an euphoric burst of flavor with these \"magically delicious\" treats and enjoy the expansive effects of D9 THC edibles. Every pack contains 2 cereal bars, each infused with 80mg of the finest hemp-derived Delta 9 oil. We recommend starting with small servings so you can gauge your tolerance. These delicious cereal bars contain the superior quality and purity that you can expect from Barney's Botanicals. Available in six additional flavors.","variant_product_details":["Mood-enhancing","80mg Delta 9 THC per bar","160mg Delta 9 THC edibles per package","Third-party ISO lab tested","Serving Size 1 Bar","Flavor: Lucky Puff","Additional Flavors: Peanut Butter, Cinnamon Toast, Marshmallow Dream, Apple Bites, Cocoa Crunch, Fruity Bites"],"variant_ingredients":"Produced in facility that processes wheat, soy and peanuts. Whole Grain Oats, Sugar, Oat Flour, Corn Syrup, Modified Corn Starch, Corn Starch, Dextrose, Salt, Gelatin, Trisodium Phosphate, Yellow 5 & 6, Red 40, Blue 1, Natural and Artificial Flavor. Vitamin E (Mixed Tocopherols) Added to Preserve Freshness. Vitamins and Minerals: Calcium Carbonate, Zinc and Iron (Mineral Nutrients), Vitamin C (Sodium Ascorbate), a B Vitamin (Niacinamide), Vitamin B6 (Pyridoxine Hydrochloride), Vitamin B2 (Riboflavin), Vitamin B1 (Thiamin Mononitrate), Vitamin A (Palmitate), a B Vitamin (Folic Acid), Vitamin B12, Vitamin D3."}
thc-cereal-bars	Cinnamon Toast • 160mg	D9-CER-160-CINN	15.00	1500	7.50	750	FALSE	TRUE	Flavor	Cinnamon Toast	Strength (mg)	160	Count (ct)	2ct	70.87	4	4	6	{"variant_description":"Tame your hunger with the warmth of cinnamon and the sweetness of sugar in these delicious treats as you elevate your snacking experience, enjoying the relaxing and euphoric effects of D9 THC edibles. Every pack contains 2 cereal bars, each infused with 80mg of the finest hemp-derived Delta 9 oil. We recommend starting with small servings so you can gauge your tolerance. These delicious cereal bars contain the superior quality and purity that you can expect from Barney's Botanicals. Available in six additional flavors.","variant_product_details":["Mood-enhancing","80mg Delta 9 THC per bar","160mg Delta 9 THC edibles per package","Third-party ISO lab tested","Serving Size 1 Bar","Flavor: Cinnamon Toast","Additional Flavors: Peanut Butter, Marshmallow Dream, Apple Bites, Lucky Puff, Cocoa Crunch, Fruity Bites"],"variant_ingredients":"Whole Grain Wheat, Sugar, Rice flour, Rice Bran And Or Canola Oil, Fructose, Maltodextrin. Dextrose, Salt, Cinnamon, Trisodium Phosphate, Soy, Lectine, Caramel Color, Bht Added To Preserve Freshness. Vitamins And Minerals: Calcium Carbonate, Zinc And Iron (Mineral Nutrients), Vitamin C (Sodium Carbonate), Ab Vitamin (Niacinamide), Vitamin B6 (Pyridoxin Hydrochloride),Vitamin B2 (Riboflavin), Vitamin B1 (Thymine Mononitrate),Vitamin A (Palmitate), Vitamin B9 (Folic Acid), Vitamin B12, Vitamin D3."}
thc-cereal-bars	Cocoa Crunch • 160mg	D9-CER-160-COCOA	15.00	1500	7.50	750	FALSE	TRUE	Flavor	Cocoa Crunch	Strength (mg)	160	Count (ct)	2ct	70.87	4	4	6	{"variant_description":"Decadent chocolate and euphoric relaxation await when you indulge in these delicious treats. Savor the mood‑enhancing effects of D9 THC edibles in every bite. Each pack contains 2 cereal bars, each infused with 80mg of the finest hemp‑derived Delta 9 oil. We recommend starting with small servings so you can gauge your tolerance. These cereal bars contain the superior quality and purity you can expect from Barney's Botanicals. Available in six additional flavors.","variant_product_details":["Mood-enhancing","80mg Delta 9 THC per bar","160mg Delta 9 THC edibles per package","Third-party ISO lab tested","Serving Size 1 Bar","Flavor: Cocoa Crunch","Additional Flavors: Peanut Butter, Cinnamon Toast, Marshmallow Dream, Apple Bites, Lucky Puff, Fruity Bites"],"variant_ingredients":"Produced in facility that processes wheat, soy and peanuts. Whole Grain Corn, Sugar, Corn Syrup, Corn Meal, Canola and/or Rice Bran Oil, Cocoa Processed with Alkali, Color Added, Salt, Tricalcium Phosphate, Fructose, Corn Starch, Natural and Artificial Flavor, Trisodium Phosphate, BHT Added to Preserve Freshness. Vitamins and Minerals: Calcium Carbonate, Zinc and Iron (Mineral Nutrients), Vitamin C (Sodium Ascorbate), a B Vitamin (Niacinamide), Vitamin B6, (Pyridoxine Hydrochloride), Vitamin B2 (Riboflavin), Vitamin B1, (Thiamin Mononitrate), Vitamin A (Palmitate), a B Vitamin (Folic Acid), Vitamin B12, Vitamin D3."}
thc-cereal-bars	Marshmallow Dream • 160mg	D9-CER-160-RICE	15.00	1500	7.50	750	FALSE	TRUE	Flavor	Marshmallow Dream	Strength (mg)	160	Count (ct)	2ct	70.87	4	4	6	{"variant_description":"Escape from the everyday with these delicious goodies and enjoy a nostalgic nod to your favorite lunch box treat while enjoying the mood‑enhancing effects of D9 THC edibles. Every pack contains 2 cereal bars, each infused with 80mg of the finest hemp‑derived Delta 9 oil. We recommend starting with small servings so you can gauge your tolerance. These cereal bars contain the superior quality and purity you can expect from Barney's Botanicals. Available in six additional flavors.","variant_product_details":["Mood-enhancing","80mg Delta 9 THC per bar","160mg Delta 9 THC edibles per package","Third-party ISO lab tested","Serving Size 1 Bar","Flavor: Marshmallow Dream","Additional Flavors: Peanut Butter, Cinnamon Toast, Apple Bites, Cocoa Crunch, Lucky Puff, Fruity Bites"],"variant_ingredients":"Produced in facility that processes wheat, soy and peanuts. Toasted Rice Cereal (Rice, Sugar, Salt, Malt Flavor, Niacinamide, Iron, Vitamin B2, Folic Acid), Sugar, Vegetable Oil, Butter, Marshmallow."}
thc-cereal-bars	Apple Bites • 160mg	D9-CER-160-APPLE	15.00	1500	7.50	750	FALSE	TRUE	Flavor	Apple Bites	Strength (mg)	160	Count (ct)	2ct	70.87	4	4	6	{"variant_description":"These tangy‑sweet Apple Bites cereal bars deliver an experience described as relaxing and chill. Escape from the everyday with the mood‑enhancing effects of D9 THC edibles while satisfying your hunger. Every pack contains 2 cereal bars, each infused with 80mg of the finest hemp‑derived Delta 9 oil. We recommend starting with small servings so you can gauge your tolerance. These cereal bars contain the superior quality and purity you can expect from Barney's Botanicals. Available in six additional flavors.","variant_product_details":["Mood-enhancing","80mg Delta 9 THC per bar","160mg Delta 9 THC edibles per package","Third-party ISO lab tested","Serving Size 1 Bar","Flavor: Apple Bites","Additional Flavors: Peanut Butter, Cinnamon Toast, Marshmallow Dream, Lucky Puff, Cocoa Crunch, Fruity Bites"],"variant_ingredients":"Corn Flour Blend (Whole Grain Yellow Corn Flour, Degerminated Yellow Corn Flour), Sugar, Wheat Flour, Whole Grain Oat flour, Modified Food Starch, Contains 2% or Less Of Vegetable Oil (Hydrogenated Coconut, Soybean and/or Cottonseed), Oat Fiber, Salt, Soluble Corn Fiber, Degerminated Yellow Corn Flour, Dried Apples, Apple Juice Concentrate, Cornstarch, Cinnamon, Natural Flavor, Modified Corn Starch, Yellow 6, Wheat Starch, Baking Soda, Yellow 5, Red 40, Blue 1, Bht For Freshness. Vitamins And Minerals: Reduced Iron, Niacinamide, Vitamin B6 (Pyridoxine Hydrochloride), Vitamin B2 (Riboflavin), Vitamin B1 (Thiamin Hydrochloride), Folic Acid, Vitamin D3, Vitamin B12."}
thc-cereal-bars	Peanut Butter Puff • 160mg	D9-CER-160-REESES	15.00	1500	7.50	750	FALSE	TRUE	Flavor	Peanut Butter Puff	Strength (mg)	160	Count (ct)	2ct	70.87	4	4	6	{"variant_description":"Elevate your snacking experience with these delicious treats reminiscent of your favorite candy bar and enjoy the expansive effects of D9 THC edibles. Every pack contains 2 cereal bars, each infused with 80mg of the finest hemp‑derived Delta 9 oil. We recommend starting with small servings so you can gauge your tolerance. These cereal bars contain the superior quality and purity you can expect from Barney's Botanicals. Available in six additional flavors.","variant_product_details":["Mood-enhancing","80mg Delta 9 THC per bar","160mg Delta 9 THC edibles per package","Third-party ISO lab tested","Serving Size 1 Bar","Flavor: Peanut Butter Puff","Additional Flavors: Cinnamon Toast, Marshmallow Dream, Apple Bites, Lucky Puff, Cocoa Crunch, Fruity Bites"],"variant_ingredients":"Produced in facility that processes wheat, soy and peanuts. Whole Grain Corn, Sugar, Candy Peanut Butter (Peanuts, Sugar, Monoglycerides, Peanut Oil, Salt, Molasses, Corn Starch), Dextrose, Corn Meal, Corn Syrup, Canola Oil, Salt, Hershey's Cocoa, Caramel Color, Trisodium Phosphate, Natural Flavor. Vitamin E (Mixed Tocopherols) Added to Preserve Freshness. Vitamins and Minerals: Tricalcium Phosphate, Calcium Carbonate, Iron and Zinc (Mineral Nutrients), Vitamin C (Sodium Ascorbate), a B Vitamin (Niacinamide), Vitamin B6 (Pyridoxine Hydrochloride), Vitamin B2 (Riboflavin), Vitamin B1 (Thiamin Mononitrate), Vitamin A (Palmitate), a B Vitamin (Folic Acid), Vitamin B12, Vitamin D3."}
thc-cereal-bars	Fruity Bites • 160mg	D9-CER-160-FRUIT	15.00	1500	7.50	750	FALSE	TRUE	Flavor	Fruity Bites	Strength (mg)	160	Count (ct)	2ct	70.87	4	4	6	{"variant_description":"Expand your snacking experience with these fruit‑flavored treats and enjoy the mood‑enhancing effects of D9 THC edibles. Every pack contains 2 cereal bars, each infused with 80mg of the finest hemp‑derived Delta 9 oil. We recommend starting with small servings so you can gauge your tolerance. These cereal bars contain the superior quality and purity you can expect from Barney's Botanicals. Available in six additional flavors.","variant_product_details":["Mood-enhancing","80mg Delta 9 THC per bar","160mg Delta 9 THC edibles per package","Third-party ISO lab tested","Serving Size 1 Bar","Flavor: Fruity Bites","Additional Flavors: Peanut Butter, Cinnamon Toast, Marshmallow Dream, Apple Bites, Lucky Puff, Cocoa Crunch"],"variant_ingredients":"Produced in facility that processes wheat, soy and peanuts. Rice, Sugar, Hydrogenated Vegetable Oil (Coconut And Palm Kernel Oils), Salt, Red 40, Yellow 6, Turmeric Oleoresin (Color), Blue 1, Yellow 5, Blue 2, Bha (To Help Protect Flavor). Vitamins And Minerals: Sodium Ascorbate (Source Of Vitamin C), Ascorbic Acid (Vitamin C), Niacinamide, Reduced Iron, Zinc Oxide (Source Of Zinc), Vitamin B6, Vitamin A Palmitate, Riboflavin (Vitamin B2), Thiamin Mononitrate (Vitamin B1), Folic Acid, Vitamin B12, Vitamin D). Corn Syrup, Modified Cornstarch, Dextrose, Water, Contains Less Than 2% Gelatin, Tetrasodium Pyrophosphate (Whipping Aid), Natural And Artificial Flavor, Pasteurized Cream, canola Oil, Lecithin From Soybeans (Non-Stick Agent), Dimethyl Silicone (For Anti-Foaming), Rosemary Extract (Preservative)."}
thc-chocolate-chunk-cookie	100mg • 1ct	D9-COO-100-CHOCCHUNK	15.00	1500	6.00	600	FALSE	TRUE	Strength	100mg	Count	1ct			57.00	4	4	6	{"variant_description":"Enjoy the mood-enhancing effects of D9 THC while taming your sweet tooth with a chocolate chip cookie designed to elevate your snacking experience. Each pack contains 1 cookie infused with 100mg of the finest hemp-derived Delta 9 oil. We recommend starting with small servings so you can gauge your tolerance. Each cookie contains the superior quality and purity that you can expect from Barney's Botanicals.","variant_product_details":["Mood-enhancing","100mg Delta 9 THC cookie","Third-party ISO lab tested","Serving Size 1/4 cookie","Package contains 1 cookie"],"variant_ingredients":"Chocolate Chunks, Flour, Plant-Based Butter, Brown Sugar, Granulated Sugar, High-Gluten Flour, Water, Pure Vanilla Extract, Vegetable Oil, Arrowroot Flour, Baking Soda, Potassium Sorbate, Salt, 100% Hemp-Derived Delta 9 THC Distillate, and Terpenes. (May Contain Milk & Tree Nuts). Produced in facility that processes wheat, soy and peanuts."}
thc-chocolate-brownie	320mg • 2ct	D9-BRN-320-BROWNIE	15.00	1500	7.00	700	FALSE	TRUE	Strength	320mg	Count	2ct			170.10	4	4	6	{"variant_description":"Indulge in chocolate decadence and enjoy the expansive effects of D9 THC with these rich brownies designed to elevate your snacking experience. Every pack contains 2 brownies, each infused with 160mg of the finest hemp-derived Delta 9 oil. We recommend starting with small servings so you can gauge your tolerance. These brownies contain the superior quality and purity that you can expect from Barney's Botanicals.","variant_product_details":["Unwind and relax","160mg Delta 9 THC per brownie","Serving size: 1 brownie","320mg Delta 9 THC edibles per package","Third-party ISO lab tested"],"variant_ingredients":"Brown sugar, rice flour, egg, chocolate chips (semi-sweet chocolate: (sugar, chocolate, cocoa butter, milk fat, soy lecithin, natural flavor), canola oil, cocoa powder, egg yolk, water, baking powder (corn starch, sodium bicarbonate, sodium aluminum sulfate, monocalcium phosphate), salt, xanthan gum, lactic acid, potassium sorbate. Produced in facility that processes wheat, soy and peanuts."}